"Keyword_ID","Keyword_Name","Keyword_Status"
"20050","Brussel","1"
"13893","studenten","1"
"10460","Evelien Emmerechts","1"
"23235","GEERTS","1"
"10459","maart 2004","1"
"15658","juli 2006","1"
"15592","mei 2006","1"
"10455","De Metsenaere","1"
"13162","oktober 2003","1"
"21636","Brussel","1"
"21637","maart 2004","1"
"252","Steunpunt voor allochtone meisjes en vrouwen","1"
"14303","homoseksuelen","1"
"13178","Brussel","1"
"14302","seks","1"
"22959","2007","1"
"17898","september 2005","1"
"13174","De Hert","1"
"20393","december 2006","1"
"17821","januari 2007","1"
"20448","Limburg","1"
"20497","Evy Trouillard","1"
"20130","maart 2007","1"
"14076","Vlaams-Brabant","1"
"19337","Vlaams-Brabant","1"
"22960","Mieke Baeyens","1"
"16797","oktober 2006","1"
"253","Moudawana","1"
"21212","januari 2007","1"
"21211","Antwerpen","1"
"294","Steunpunt voor allochtone meisjes en vrouwen","1"
"13928","november 2004","1"
"23237","juni 2007","1"
"14055","Wereldschool","1"
"18866","Brussel","1"
"18865","maart 2007","1"
"254","marokkaanse familiewetgeving","1"
"255","vrouwenbeweging","1"
"22971","Antwerpen","1"
"23313","Sara Le Roy","1"
"22159","Oktober 2006","1"
"18844","januari 2007","1"
"18838","januari 2007","1"
"18837","Antwerpen","1"
"10453","Ellen Peeters","1"
"10452","maart 2004","1"
"22970","Oktober 2006","1"
"295","Marokkaanse famiewetgeving","1"
"296","Moudawana","1"
"297","vrouwenbeweging","1"
"15947","Vlaams-Brabant","1"
"15453","Brussel","1"
"20859","september 2007","1"
"19558","maart 2004","1"
"14023","Wereldschool","1"
"14022","inleefateliers","1"
"19564","september 2006","1"
"19557","Brussel","1"
"10146","juli 2003","1"
"10147","Brussel","1"
"10148","Saskia Vandeputte","1"
"10149","Libotton","1"
"19837","Applied Statistics","1"
"18437","Antwerpen","1"
"14026","Wereldschool","1"
"13861","Antwerpen","1"
"13862","Liesbeth De Donder","1"
"17822","Gent","1"
"19835","december 2006","1"
"18436","januari 2007","1"
"18435","Antwerpen","1"
"15661","september 2004","1"
"14112","Corijn","1"
"14100","Antwerpen","1"
"13636","Brussel","1"
"13848","organisatie","1"
"13843","pleegouders","1"
"16293","Brussel","1"
"16292","Wereldschool","1"
"16291","augustus 2006","1"
"16290","mondiale vorming","1"
"14025","inleefateliers","1"
"13842","communicatie","1"
"13866","Antwerpen","1"
"380","pleegouders","1"
"379","pleeggezinnen","1"
"378","KAOS","1"
"13867","maart 2004","1"
"13868","Katrien Stynen","1"
"13849","internationaal","1"
"22158","Brussel","1"
"13853","KAOS","1"
"13852","maart 2004","1"
"15628","juli 2006","1"
"20210","oktober 2006","1"
"20211","Segers","1"
"13631","Brussel","1"
"22098","maart 2003","1"
"13632","Sharon Van Asbroeck","1"
"22099","mei 2006","1"
"13642","oktober 2003","1"
"13643","Van Loon","1"
"13644","Caroline Renckens","1"
"13645","Brussel","1"
"20017","maart 2007","1"
"15101","september 2003","1"
"20183","Brussel","1"
"22890","Cera Award","1"
"16016","maart 2004","1"
"20232","oktober 2004","1"
"17210","Vlaanderen","1"
"13278","maart 2004","1"
"17871","Antwerpen","1"
"17867","Antwerpen","1"
"17866","september 2005","1"
"15104","Maelstaf","1"
"17275","maart 2006","1"
"20565","Brussel","1"
"19751","januari 2007","1"
"16145","Van Loon","1"
"18949","September 2006","1"
"21654","december 2007","1"
"16270","Brussel","1"
"21657","januari 2008","1"
"12815","Brussel","1"
"22156","Oktober 2006","1"
"22405","Brussel","1"
"8109","februari 2003","1"
"13449","februari 2003","1"
"13448","Brussel","1"
"13418","Brussel","1"
"20187","februari 2003","1"
"13422","islam","1"
"18477","september 2006","1"
"15633","juli 2006","1"
"20564","september 2006","1"
"20834","Chris Deryckere","1"
"13859","maart 2004","1"
"17574","maart 2004","1"
"22170","Brussel","1"
"14224","Spieren","1"
"9038","Internationaal","1"
"13025","Brussel","1"
"23215","promotor: Katrien Lauwerijsen","1"
"22162","februari 2003","1"
"754","","1"
"755","Sensoa","1"
"13646","september 2005","1"
"758","tref","1"
"759","woord","1"
"20848","Brussel","1"
"20857","maart 2004","1"
"13026","april 2004","1"
"20858","Sandra De Jongh","1"
"16275","Veronique Berth","1"
"17417","september 2006","1"
"13175","oktober 2003","1"
"9242","De Hert","1"
"13163","De Hert","1"
"13186","oktober 2003","1"
"13187","De Hert","1"
"13188","Brussel","1"
"23319","sofie govaert","1"
"16253","Antwerpen","1"
"13177","oktober 2003","1"
"20205","mei 2006","1"
"13417","februari 2003","1"
"22930","Oktober 2006","1"
"20188","Brussel","1"
"22113","november 2003","1"
"15652","september 2004","1"
"13031","bedrijven","1"
"13024","Het Punt","1"
"13030","non-profit","1"
"22161","Brussel","1"
"13415","Brussel","1"
"13633","Restiau","1"
"13354","Evy Van Schoorisse","1"
"20829","oktober 2003","1"
"13851","Antwerpen","1"
"21771","september 2005","1"
"20170","Brussel","1"
"10454","Brussel","1"
"14113","Antwerpen","1"
"14114","Veerle Van Dooren","1"
"13869","Liesbeth De Donder","1"
"23204","september 2007","1"
"13860","Verté","1"
"16017","Geerts","1"
"16250","Karolien Bartels","1"
"22659","Gent","1"
"15638","juli 2006","1"
"13176","De Hert","1"
"13173","Brussel","1"
"13161","Brussel","1"
"13428","Brussel","1"
"13850","pleegzorg","1"
"15207","vrijzinnigheid","1"
"13844","internationaal","1"
"19836","Tongeren","1"
"18438","januari 2007","1"
"13429","februari 2003","1"
"20833","Antwerpen","1"
"16015","Sigrid Van Den Fonteyne","1"
"19559","maart 2004","1"
"20083","Jan Vranken","1"
"13930","november 2004","1"
"15014","Delphine Lesage","1"
"18832","januari 2007","1"
"16796","Brussel","1"
"20544","Antwerpen","1"
"14300","Sensoa","1"
"14301","leefwereld","1"
"15679","maart 2004","1"
"22891","lana lauwers","1"
"14158","augustus 2005","1"
"17870","september 2005","1"
"15102","studenten HA","1"
"15103","Antwerpen","1"
"16269","maart 2004","1"
"17647","Antwerpen","1"
"17646","september 2005","1"
"16256","An Dils","1"
"13424","moslim","1"
"13423","offerfeest","1"
"22187","Evelien De Coninck","1"
"15877","Antwerpen","1"
"15876","Hens","1"
"15875","november 2003","1"
"21656","Antwerpen","1"
"16271","Van Limberghen","1"
"22873","Antwerpen","1"
"15911","Dieter Sevenois","1"
"23337","Brussel","1"
"21773","Limburg","1"
"21772","2003","1"
"13717","december 2003","1"
"13716","Bert Vangoidtsenhoven","1"
"13715","Brussel","1"
"13714","Notten","1"
"13777","Brussel","1"
"20686","2003","1"
"20687","Brussel","1"
"12775","september 2004","1"
"21084","Antwerpen","1"
"17394","september 2006","1"
"17392","September 2006","1"
"17370","mei 2006","1"
"17368","Antwerpen","1"
"8110","Brussel","1"
"16260","Evelien Wijnant","1"
"16262","Antwerpen","1"
"16261","september 2004","1"
"19567","Brussel","1"
"19566","september 2006","1"
"20354","april 2006","1"
"20355","Eva Maertens","1"
"23210","september 2006","1"
"14631","buurtcomités","1"
"14630","asielzoekers","1"
"14629","uitwijzing","1"
"13965","verblijf","1"
"13966","open centra","1"
"13967","asielzoekers","1"
"13201","Tele-Onthaal","1"
"13200","wetgeving","1"
"13199","privacy","1"
"13198","gebruikers","1"
"22389","Limburg","1"
"13778","Glorieux","1"
"12776","studenten Milieukunde","1"
"12803","Den Teirling","1"
"14090","november 2004","1"
"14091","Vlaams-Brabant","1"
"15544","Januari 2004","1"
"16439","geluidsoverlast","1"
"16438","Brussel","1"
"9039","Balkanactie","1"
"14073","februari 2004","1"
"14072","Vlaams-Brabant","1"
"9040","april 2004","1"
"21812","Oost-Vlaanderen","1"
"17402","mei 2006","1"
"14144","Elias","1"
"17410","juni 2006","1"
"17412","juni 2006","1"
"17684","Oost-Vlaanderen","1"
"17416","juni 2006","1"
"17426","Antwerpen","1"
"13353","maart 2004","1"
"13352","Brussel","1"
"13029","sociaal engagement","1"
"20512","Liesbeth Van Schil","1"
"13169","Depoorter","1"
"13170","Vlaams-Brabant","1"
"13171","juli 2004","1"
"13172","januari 2003","1"
"17228","Vlaams-Brabant","1"
"17227","juli 2004","1"
"17226","januari 2003","1"
"17225","Cuylle","1"
"13268","Antwerpen","1"
"13269","november 2003","1"
"13270","juli 2004","1"
"13355","Segers","1"
"13656","maart 2003","1"
"13657","Brussel","1"
"12809","oktober 2003","1"
"12808","Sylvie Hannaert","1"
"12807","Verté","1"
"12950","november 2003","1"
"12951","Nederland","1"
"13713","BBROW","1"
"20543","Maart 2007","1"
"13511","maart 2003","1"
"13512","april 2004","1"
"22997","januari 2007","1"
"9037","Molenaers","1"
"14101","Augustus 2003","1"
"12996","Brussel","1"
"15974","april 2004","1"
"15975","Molenaers","1"
"15976","Antwerpen","1"
"15977","Milenka Segers","1"
"13768","Limburg","1"
"13767","juni 2004","1"
"23335","Van den Broeck","1"
"21108","oktober 2004","1"
"16012","VAN LOON","1"
"16011","Yoo Ree Vandevivere","1"
"15625","Kavadias","1"
"15626","mei 2004","1"
"13044","Brussels Gewest","1"
"13043","april 2004","1"
"13042","Het Punt","1"
"18479","september 2006","1"
"18478","Brussel","1"
"13037","Brussels Gewest","1"
"13038","april 2004","1"
"13039","Het Punt","1"
"17569","2004","1"
"17570","Gent","1"
"19259","Gent","1"
"22974","Birgit Van Belle","1"
"17507","2003","1"
"17508","Gent","1"
"23128","Brussel","1"
"20629","september 2007","1"
"21140","september 2007","1"
"23154","ANDRIES","1"
"23303","Brussel","1"
"20763","Gent","1"
"17514","Gent","1"
"17513","2003","1"
"23318","september 2006","1"
"14077","februari 2004","1"
"23072","2008","1"
"18995","Antwerpen","1"
"20018","Heusden-Zolder","1"
"12801","behoeftenonderzoek","1"
"14044","aanbod","1"
"14043","inleefateliers","1"
"15623","juli 2006","1"
"15622","Brussel","1"
"15618","juli 2006","1"
"15613","mei 2006","1"
"14038","duurzaamheid","1"
"14037","Wereldschool","1"
"21234","september 2006","1"
"21233","Brussel","1"
"16442","Brussel","1"
"4452","VCA","1"
"4453","Vlaanderen","1"
"20625","september 2007","1"
"17549","Gent","1"
"17550","maart 2004","1"
"20624","Brussel","1"
"20268","2003","1"
"20269","Gent","1"
"15492","Brussel","1"
"15644","september 2005","1"
"22183","Brussel","1"
"23066","Antwerpen","1"
"14089","februari 2004","1"
"14087","Vlaams-Brabant","1"
"20458","Vlaams-Brabant","1"
"20459","september 2006","1"
"17544","Gent","1"
"17543","2004","1"
"13452","Van Loon","1"
"20267","Gent","1"
"20266","2003","1"
"13607","oktober 2004","1"
"13608","Vlaams-Brabant","1"
"13609","oktober 2004","1"
"12550","gedragsproblemen","1"
"15228","De Munck","1"
"23334","Elisabeth Coppens","1"
"16733","FECM","1"
"22025","Brussel","1"
"21879","Hasselt","1"
"21880","september 2007","1"
"15016","oktober 2004","1"
"23249","April 2006","1"
"12810","Edith Donders","1"
"12805","oktober 2003","1"
"12804","Brussel","1"
"12802","dagactiviteitencentra","1"
"23317","Brussel","1"
"22896","Antwerpen","1"
"20181","Brussel","1"
"19537","Brussel","1"
"19938","Bram FRET","1"
"18466","oktober 2004","1"
"18922","Antwerpen","1"
"18921","September 2006","1"
"18898","Antwerpen","1"
"20506","Etienne Vermeire","1"
"19560","Brussel","1"
"23151","Brussel","1"
"16143","Brussel","1"
"16142","juli 2003","1"
"13421","organisatie","1"
"12889","maart 2004","1"
"13565","oktober 2004","1"
"12356","Brussel","1"
"20057","Antwerpen","1"
"13568","Vlaanderen","1"
"13569","oktober 2004","1"
"20343","oktober 2004","1"
"22874","september 2007","1"
"12420","Antwerpen","1"
"15697","oktober 2004","1"
"20233","Brussel","1"
"20234","Nathalie WOLFS","1"
"22979","Raoul Van de Calseyde (= tweede  contactpersoon)","1"
"20762","2003","1"
"17408","juni 2006","1"
"4451","maart 2004","1"
"22866","september 2005","1"
"22867","Antwerpen","1"
"22080","januari 2007","1"
"19760","Antwerpen","1"
"19761","januari 2007","1"
"13046","Brussels Gewest","1"
"4370","cultuur","1"
"14042","Wereldschool","1"
"14027","wereldschool","1"
"20517","Dries Adams","1"
"22897","Peter Leys","1"
"17893","Antwerpen","1"
"17888","september 2005","1"
"17889","Antwerpen","1"
"19754","januari 2007","1"
"12960","Grip","1"
"17707","Antwerpen","1"
"17213","Brussel","1"
"20691","Brussel","1"
"15610","april 2005","1"
"22580","april 2008","1"
"18998","januari 2007","1"
"18997","Antwerpen","1"
"23071","Brussel","1"
"20321","december 2003","1"
"20516","Jef Breda","1"
"16036","Brussel","1"
"17902","september 2005","1"
"16113","Brussel","1"
"20690","februari 2003","1"
"20206","Kristof Meeus","1"
"13776","Liesbeth De Pauw","1"
"14146","maart 2004","1"
"13469","Brussel","1"
"13468","februari 2003","1"
"20173","september 2006","1"
"22557","Brussel","1"
"22558","september 2006","1"
"20131","Brussel","1"
"20714","Brussel","1"
"18964","Antwerpen","1"
"12561","Antwerpen","1"
"20172","Brussel","1"
"22160","Brussel","1"
"18903","oktober 2005","1"
"18904","Brussel","1"
"20356","Antwerpen","1"
"19758","Antwerpen","1"
"22643","september 2007","1"
"22644","Stephanie Huyghens","1"
"13191","impactstudie","1"
"22154","Brussel","1"
"22153","2003","1"
"15627","Marie-Anne Godderis","1"
"20827","september 2007","1"
"20826","Sara Siongers","1"
"15624","Antwerpen","1"
"12883","Vlaanderen","1"
"12884","maart 2004","1"
"12885","FECM","1"
"21232","Bart Vandenbussche","1"
"19338","September 2006","1"
"17730","januari 2007","1"
"17729","Brussel","1"
"15639","september 2005","1"
"19750","Antwerpen","1"
"19753","Antwerpen","1"
"19752","januari 2007","1"
"15455","2003","1"
"15456","Brussel","1"
"15643","juli 2006","1"
"15648","juli 2006","1"
"15653","juli 2006","1"
"16745","Antwerpen","1"
"22404","2003","1"
"22157","Oktober 2006","1"
"13202","Tele-Onthaal","1"
"13203","gebruikers","1"
"13204","communicatie","1"
"17212","2003","1"
"15645","Antwerpen","1"
"12778","Antwerpen","1"
"15514","2003","1"
"15515","Brussel","1"
"14405","seks","1"
"14295","Sensoa","1"
"14294","tieners","1"
"14293","jongeren","1"
"14292","seksualiteitsbeleving","1"
"14297","homoseksuelen","1"
"20825","Depoorter","1"
"16263","Verté","1"
"15278","Brussel","1"
"18843","Antwerpen","1"
"13712","januari 2003","1"
"15311","Mieke Van Laer","1"
"15312","Maes","1"
"21223","januari 2007","1"
"21224","Antwerpen","1"
"18886","Brussel","1"
"13970","opsluiting","1"
"13969","allochtonen","1"
"13968","OCIV","1"
"16793","oktober 2006","1"
"16792","Brussel","1"
"22217","Antwerpen","1"
"14406","mannen","1"
"14407","vrouwen","1"
"12777","van Straaten","1"
"13205","hoogspanningskabels","1"
"14392","sensoa","1"
"15452","Vandekerckhove","1"
"15451","Elke Schoepen","1"
"14418","seks","1"
"14417","mannen","1"
"22978","September 2008","1"
"19876","Brussel","1"
"22116","Vlaams-Brabant","1"
"22115","Cras & Meulemans","1"
"16747","Antwerpen","1"
"20005","Gent","1"
"22173","Gent","1"
"22171","mei 2007","1"
"20004","2004","1"
"15221","jongeren","1"
"15220","dienstverlening","1"
"15219","sociologie","1"
"15218","jong volwassenen","1"
"15216","jongeren","1"
"15215","dienstverlening","1"
"15214","sociologie","1"
"15213","jong volwassenen","1"
"15211","jongeren","1"
"15210","dienstverlening","1"
"15209","sociologie","1"
"15208","jong volwassenen","1"
"20801","Brussel","1"
"13218","april 2004","1"
"19549","september 2005","1"
"21021","Antwerpen","1"
"20088","Van den Bulck","1"
"16441","metingen","1"
"16440","geluid","1"
"19759","januari 2007","1"
"17341","Brussel","1"
"13425","godsdienst","1"
"18831","Brussel","1"
"19878","Brussel","1"
"14408","sensoa","1"
"14296","seksualiteit","1"
"17708","Oktober 2006","1"
"14298","seks","1"
"13879","ontwikkeling","1"
"13878","opvoeding","1"
"13841","marketing","1"
"20320","Oost-Vlaanderen","1"
"13964","asielcentra","1"
"13258","April 2005","1"
"16115","Brussel","1"
"14227","Brussel","1"
"15847","oktober 2005","1"
"21355","december 2004","1"
"13192","communicatie","1"
"13193","vrijwilligers","1"
"13195","communicatie","1"
"13196","gebruikers","1"
"15640","Antwerpen","1"
"12562","Antwerpen","1"
"19258","2004","1"
"20628","Brussel","1"
"20761","Gent","1"
"18784","Brussel","1"
"18785","februari 2005","1"
"20012","September 2006","1"
"18795","Vandemaele","1"
"19599","West-Vlaanderen","1"
"22155","Brussel","1"
"20182","2003","1"
"22058","Brussel","1"
"22057","2003","1"
"15471","2003","1"
"15472","Brussel","1"
"15611","Groep studenten","1"
"15612","De Pelsmacker","1"
"13637","Kim Van Langenhove","1"
"22114","Marcel Gulickx","1"
"12357","augustus 2005","1"
"16037","februari 2005","1"
"18522","cera","1"
"14028","onderwijs","1"
"14029","cultuur","1"
"14030","inleefateliers","1"
"14039","onderwijs","1"
"14040","cultuur","1"
"14041","handelingsperspectieven","1"
"14045","onderwijs","1"
"12545","aanbod","1"
"12546","cultuur","1"
"4369","onderwijs","1"
"4368","leerkrachten","1"
"4367","kinderen","1"
"14661","juli 2005","1"
"22573","september 2006","1"
"16746","September 2006","1"
"20322","Antwerpen","1"
"17224","Miranda Cordier","1"
"13267","Segers","1"
"14228","Spieren","1"
"14416","vrouwen","1"
"16060","Brussel","1"
"13770","Limburg","1"
"13769","juni 2004","1"
"15662","Eline Dinet","1"
"16731","oktober 2004","1"
"16732","Brussel","1"
"21481","oktober 2006","1"
"20828","Brussel","1"
"13830","Brussels Gewest","1"
"17366","Antwerpen","1"
"22152","Brussel","1"
"13795","augustus 2004","1"
"22880","Antwerpen","1"
"13794","juni 2004","1"
"20432","Limburg","1"
"20433","april 2004","1"
"21493","september 2005","1"
"15041","april 2005","1"
"15454","september 2005","1"
"16268","augustus 2006","1"
"15536","september 2005","1"
"18672","Antwerpen","1"
"15542","september 2005","1"
"16259","augustus 2006","1"
"16258","Verté","1"
"13047","april 2004","1"
"16257","april 2004","1"
"19364","Brussel","1"
"19365","oktober 2004","1"
"22650","Brussel","1"
"22649","oktober 2004","1"
"19367","oktober 2004","1"
"12993","Geert Callebaut","1"
"13168","Gaëtane Beeckaert","1"
"13817","Instituut Pacheco","1"
"13818","Brussels Gewest","1"
"17856","september 2005","1"
"14086","februari 2004","1"
"20851","september 2007","1"
"23315","januari 2007","1"
"23314","Brussel","1"
"16027","september 2004","1"
"20025","januari 2007","1"
"21892","Oktober 2006","1"
"21889","Oktober 2006","1"
"20024","Brussel","1"
"16026","Brussel","1"
"15698","Brussel","1"
"10206","Zijn","1"
"10207","verplegers","1"
"10208","geweld","1"
"22647","Brussel","1"
"22648","oktober 2004","1"
"17006","augustus 2005","1"
"17005","Brussel","1"
"21178","Brussel","1"
"21179","oktober 2004","1"
"21204","Brussel","1"
"21203","oktober 2004","1"
"21182","Brussel","1"
"23233","Brussel","1"
"23234","oktober 2003","1"
"20518","augustus 2007","1"
"20651","mei 2007","1"
"20650","Brussel","1"
"22059","Hans Jacobs","1"
"22060","Van Hal","1"
"17505","2003","1"
"19755","Antwerpen","1"
"13798","effecten","1"
"13797","Instituut Pacheco","1"
"13796","kunst","1"
"13838","juni 2004","1"
"13837","Intercultureel Netwerk Gent","1"
"14284","communicatie","1"
"14299","Sensoa","1"
"13382","Brussel","1"
"13932","november 2004","1"
"14404","oktober 2004","1"
"13803","effecten","1"
"13802","geriatrie","1"
"14036","bewustwording","1"
"12547","onderwijs","1"
"14035","wereldschool","1"
"14034","effect","1"
"14033","school","1"
"14032","kinderen","1"
"21891","Rik Pinxten?","1"
"12548","kinderen","1"
"17593","Rik Coolsaet? Dries Lesage?","1"
"21888","Rik Pinxten?","1"
"21895","april 2007","1"
"17592","April 2006","1"
"17591","Gent","1"
"13426","september 2004","1"
"13427","Antwerpen","1"
"12618","Antwerpen","1"
"12617","september 2004","1"
"12613","Antwerpen","1"
"12977","december 2004","1"
"14854","Antwerpen","1"
"19877","maart 2006","1"
"12606","september 2004","1"
"12605","Antwerpen","1"
"12609","Antwerpen","1"
"13655","Ellen Goovaerts","1"
"12612","Antwerpen","1"
"12611","september 2004","1"
"14092","december 2004","1"
"12616","Antwerpen","1"
"12615","september 2004","1"
"16276","augustus 2006","1"
"19770","Antwerpen","1"
"19816","Wendy Gettemans","1"
"14268","oktober 2004","1"
"14270","oktober 2004","1"
"14403","Sensoa","1"
"20342","Antwerpen","1"
"21615","januari 2007","1"
"14274","Sensoa","1"
"13658","juni 2005","1"
"13638","oktober 2003","1"
"14276","Sensoa","1"
"14275","oktober 2004","1"
"19875","maart 2006","1"
"14280","Sensoa","1"
"14279","oktober 2004","1"
"21066","Brussel","1"
"14401","Antwerpen","1"
"14397","sensoa","1"
"14398","vrouwen","1"
"12419","oktober 2004","1"
"14402","oktober 2004","1"
"14399","mannen","1"
"14400","seks","1"
"19569","Brussel","1"
"13727","februari 2005","1"
"21048","september 2004","1"
"21049","Antwerpen","1"
"13564","Vlaams-Brabant","1"
"20456","Vlaams-Brabant","1"
"20434","Vlaams-Brabant","1"
"20435","oktober 2004","1"
"13570","Vlaams Platform Thuiszorg","1"
"19366","Brussel","1"
"23094","oktober 2006","1"
"20457","September 2006","1"
"20455","student afgehaakt sept07","1"
"23160","jenifer somers","1"
"8071","oktober 2004","1"
"19538","augustus 2005","1"
"8074","oktober 2004","1"
"8073","Vlaams-Brabant","1"
"13045","Het Punt","1"
"15227","Oost-Vlaanderen","1"
"20511","Etienne Vermeire","1"
"14147","Celine De Munter","1"
"23213","maart 2007","1"
"9577","april 2005","1"
"20023","januari 2007","1"
"20022","Brussel","1"
"13801","kunst","1"
"15649","Antwerpen","1"
"15650","Vranken","1"
"15651","Michael Claessens","1"
"15657","Antwerpen","1"
"15656","Vranken","1"
"15655","Wouter Vermaelen","1"
"21219","Gent","1"
"15532","september 2005","1"
"13032","september 2005","1"
"12549","Antwerpen","1"
"16744","september 2004","1"
"12558","Antwerpen","1"
"12551","kinderen","1"
"12552","Voluntas","1"
"12553","leermoeilijkheden","1"
"14283","Sensoa","1"
"14282","culturen","1"
"14281","seks","1"
"15631","Meulemans","1"
"15630","Kim Veny","1"
"14955","Antwerpen","1"
"14954","oktober 2004","1"
"15635","Jennifer Van Araignien","1"
"15636","Meulemans","1"
"14288","Sensoa","1"
"14287","seksuele opvoeding","1"
"14286","onderwijs","1"
"14285","seks","1"
"14289","seks","1"
"14290","Sensoa","1"
"14291","homoseksuelen","1"
"15872","Weyns","1"
"15871","Inge Sleegers","1"
"15870","oktober 2004","1"
"13294","behoeften","1"
"13293","Jemp","1"
"13206","particulier","1"
"19360","Brussel","1"
"20154","Oktober 2006","1"
"13880","kinderen","1"
"13800","Instituut Pacheco","1"
"13295","jeugdraad","1"
"13799","geriatrie","1"
"20029","januari 2007","1"
"20028","Brussel","1"
"17342","oktober 2003","1"
"15313","Brussel","1"
"14389","seks","1"
"14390","mannen","1"
"14391","vrouwen","1"
"17401","Oost-Vlaanderen","1"
"23166","Brussel","1"
"15240","september 2005","1"
"18996","januari 2007","1"
"23333","Limburg","1"
"17345","Brussel","1"
"17346","oktober 2003","1"
"14272","Sensoa","1"
"20347","oktober 2005","1"
"13510","Brussel","1"
"13711","Brussels Gewest","1"
"19790","Brussel","1"
"19791","april 2007","1"
"21101","Brussel","1"
"21102","oktober 2004","1"
"19370","oktober 2004","1"
"19371","Brussel","1"
"18467","Brussel","1"
"18468","Vandenbrande","1"
"13451","april 2004","1"
"15450","oktober 2003","1"
"15617","Brussel","1"
"15616","Timmerman","1"
"15615","Stefanie Maes","1"
"16806","Brussel","1"
"22251","Els Beelen","1"
"18407","FECM","1"
"20249","PONJAERT","1"
"14115","augustus 2003","1"
"20503","augustus 2007","1"
"20498","augustus 2007","1"
"20371","Brussel","1"
"20615","mei 2007","1"
"20508","augustus 2007","1"
"16802","Brussel","1"
"16803","oktober 2006","1"
"22876","Sarah Thompson","1"
"22875","KLAI","1"
"19261","maart 2004","1"
"19262","FECM","1"
"15620","Sara Op de Beeck","1"
"18409","Brussel","1"
"15758","FECM","1"
"15757","oktober 2004","1"
"18408","oktober 2004","1"
"15751","oktober 2004","1"
"15752","Brussel","1"
"15753","FECM","1"
"20026","Brussel","1"
"20027","januari 2007","1"
"16024","Mart Baeten","1"
"20853","oktober 2004","1"
"22864","Antwerpen","1"
"12978","Limburg","1"
"20984","september 2005","1"
"20515","Antwerpen","1"
"23052","Raoul Van de Calseyde (= tweede  contactpersoon)","1"
"9640","juni 2005","1"
"13606","Vlaams-Brabant","1"
"12340","Vlaams-Brabant","1"
"12341","oktober 2004 & 2005","1"
"9636","juni 2005","1"
"9637","Brussel","1"
"23251","Brussel","1"
"23252","juni 2005","1"
"23253","Nele Van Maele","1"
"23254","ELIAS","1"
"13605","oktober 2004","1"
"13604","Vlaams-Brabant","1"
"20052","Oktober 2006","1"
"22248","Annelies Vercruysse","1"
"16110","september 2004","1"
"13602","Vlaams-Brabant","1"
"13603","oktober 2004 & 2005","1"
"9641","Brussel","1"
"13823","Soly","1"
"13822","Oost-Vlaanderen","1"
"14223","Korfbal","1"
"12336","Vlaams-Brabant","1"
"12337","oktober 2004 & 2005","1"
"20450","Vlaams-Brabant","1"
"20454","Dorien Vranckaert","1"
"20453","September 2006","1"
"17671","oktober 2004","1"
"13558","Vlaams-Brabant","1"
"13559","oktober 2004 & 2005","1"
"13595","Vlaams-Brabant","1"
"20505","juni 2005","1"
"13594","september 2004","1"
"13929","Brussel","1"
"22638","oktober 2004","1"
"13931","Brussel","1"
"22284","limburg","1"
"21183","Brussel","1"
"20158","Oktober 2006","1"
"20159","Antwerpen","1"
"21184","oktober 2004","1"
"10215","Zijn","1"
"10216","geweld","1"
"15632","Antwerpen","1"
"14267","Sensoa","1"
"14273","oktober 2004","1"
"21887","Gent","1"
"13894","intellectueel eigendomsrecht","1"
"9576","Brussel","1"
"14175","West-Vlaanderen","1"
"11785","november 2004","1"
"9012","Januari 2005","1"
"19369","augustus 2005","1"
"23004","Antwerpen","1"
"15654","september 2004","1"
"22081","Antwerpen","1"
"21984","West-Vlaanderen","1"
"20372","oktober 2004","1"
"21894","Brussel","1"
"15873","Antwerpen","1"
"14269","Sensoa","1"
"23096","oktober 2005","1"
"16025","Louckx","1"
"12995","juni 2005","1"
"21655","Antwerpen","1"
"12888","Vlaanderen","1"
"22634","Marijn Roumans","1"
"15614","maart 2004","1"
"13877","pleegzorg","1"
"21354","Antwerpen","1"
"13971","jeugdbeweging","1"
"13972","enquête","1"
"13973","December 2004","1"
"22131","Stinkens","1"
"19764","oktober 2005","1"
"22132","Habbekrats","1"
"20740","oktober 2005","1"
"22931","Antwerpen","1"
"14174","mei 2005","1"
"14271","oktober 2004","1"
"14415","sensoa","1"
"17211","VIVA-SVV","1"
"14012","Antwerpen","1"
"14011","september 2004","1"
"16111","Depoorter","1"
"20514","september 2004","1"
"13554","Vlaams-brabant","1"
"14730","september 2004","1"
"14731","Antwerpen","1"
"12970","december 2004","1"
"12982","Limburg","1"
"12986","Limburg","1"
"12985","december 2004","1"
"20822","Antwerpen","1"
"20821","januari 2005","1"
"14093","Limburg","1"
"20078","Mortelmans","1"
"20077","april 2005","1"
"13373","December 2004","1"
"13372","Antwerpen","1"
"14024","Januari 2005","1"
"14071","Januari 2005","1"
"15547","Limburg","1"
"15545","Limburg","1"
"22625","Jan Vranken","1"
"16112","Mathieu Goossens","1"
"13816","oktober 2004","1"
"17335","oktober 2003","1"
"13832","Instituut Pacheco","1"
"13831","oktober 2004","1"
"17506","Gent","1"
"20835","september 2007","1"
"22881","januari 2007","1"
"9014","Stadsgesprekken","1"
"9013","Burgerparticipatie","1"
"15659","Antwerpen","1"
"15660","Vranken","1"
"20155","Antwerpen","1"
"13259","April 2005","1"
"14157","Brussel","1"
"12779","november 2003","1"
"19368","Brussel","1"
"14107","Antwerpen","1"
"14106","Augustus 2003","1"
"22863","Maart 2007","1"
"22542","Gent","1"
"22096","Kristoffersen","1"
"14160","augustus 2005","1"
"14159","Brussel","1"
"23005","Oktober 2007","1"
"22544","Gent","1"
"14145","Brussel","1"
"13793","Antwerpen","1"
"22097","Marloes Verstrepen","1"
"13243","februari 2005","1"
"13242","Brussel","1"
"13246","februari 2005","1"
"23159","september 2007","1"
"10457","Elias","1"
"10458","Brussel","1"
"23310","Jeroen Gobin","1"
"23309","VANDENBRANDE","1"
"20823","april 2005","1"
"20323","Januari 2007","1"
"20324","Oost-Vlaanderen","1"
"14226","Sport","1"
"14225","Oefeningen","1"
"14232","Brussel","1"
"14231","Sport","1"
"14230","Oefeningen","1"
"7039","Februari 2005","1"
"7038","jeugdbeweging","1"
"13443","Antwerpen","1"
"13444","december 2004","1"
"10251","Brussel","1"
"16251","Verté","1"
"16252","januari 2005","1"
"17720","januari 2007","1"
"21343","Gent","1"
"20392","Gent","1"
"20391","december 2006","1"
"12835","Antwerpen","1"
"12834","januari 2005","1"
"23267","juli 2006","1"
"23266","Brabant","1"
"7037","engagement","1"
"20184","februari 2003","1"
"20185","Brussel","1"
"11807","Oefeningen","1"
"11809","Korfbal","1"
"11808","Sport","1"
"22972","februari 2005","1"
"10241","Brussel","1"
"16035","Marc Theeboom","1"
"13245","Brussel","1"
"20235","PONJAERT","1"
"16266","januari 2005","1"
"21065","VERTE","1"
"21649","2007","1"
"14229","Korfbal","1"
"13453","Els Buelens","1"
"13454","september 2005","1"
"9235","De Hert","1"
"9234","Brussel","1"
"17899","Antwerpen","1"
"9238","oktober 2003","1"
"9237","Brussel","1"
"17418","Antwerpen","1"
"9241","oktober 2003","1"
"9240","Brussel","1"
"16274","Verté","1"
"16144","Sarah Verstrepen","1"
"20449","april 2005","1"
"18476","Brussel","1"
"19933","Anke Vander Stuyft","1"
"17863","Antwerpen","1"
"22553","april 2005","1"
"22552","Brussel","1"
"18474","Brussel","1"
"18475","september 2006","1"
"10252","februari 2005","1"
"16267","Verté","1"
"18915","Brussel","1"
"18916","februari 2003","1"
"18763","april 2005","1"
"10311","oktober 2004","1"
"10312","Brussel","1"
"13450","Brussel","1"
"8072","Vlaams-Brabant","1"
"12607","september 2004","1"
"12610","september 2004","1"
"12614","september 2004","1"
"14084","december 2004","1"
"22123","Studenten Leeronderzoek PSW","1"
"19263","Brussel","1"
"17857","Antwerpen","1"
"13257","Antwerpen","1"
"17903","Antwerpen","1"
"17388","September 2006","1"
"15017","Antwerpen","1"
"20849","oktober 2004","1"
"22124","maart 2008","1"
"17336","Brussel","1"
"14031","gevolgen","1"
"18465","Katrien De Craecker","1"
"19374","oktober 2004","1"
"12994","Van Loon","1"
"12973","Grip vzw","1"
"9236","oktober 2003","1"
"9239","De Hert","1"
"17251","september 2006","1"
"22865","alex van weymbergh","1"
"13219","Limburg","1"
"17209","maart 2004","1"
"13277","Vlaanderen","1"
"18948","Vlaams-Brabant","1"
"13821","april 2005","1"
"12708","Brussel","1"
"12707","oktober 2004","1"
"13725","Antwerpen","1"
"13728","Antwerpen","1"
"22023","Katja Devroye","1"
"20659","Antwerpen","1"
"20658","februari 2005","1"
"19813","Eva Bossuyt","1"
"15646","Weyns & Hillen","1"
"15642","Marit Trioen","1"
"15621","Timmerman","1"
"21064","augustus 2005","1"
"18690","januari 2007","1"
"18697","Brussel","1"
"20912","juli 2005","1"
"20913","Brussel","1"
"22973","Brussel","1"
"10242","februari 2005","1"
"16034","Stijn Vereycken","1"
"15013","oktober 2004","1"
"20831","Geerts","1"
"15637","Antwerpen","1"
"15015","onderzoek van start ism ITG","1"
"23338","Vlaams-Brabant","1"
"21616","Marjolein Willems","1"
"23223","Emily Verté","1"
"12952","december 2003","1"
"21890","Gent","1"
"17274","Oost-Vlaanderen","1"
"13271","Sil Ronsmans","1"
"14088","Cluydts","1"
"13726","februari 2005","1"
"23095","Gent","1"
"20229","Gert Thielemans","1"
"13729","Glorieux","1"
"15546","Januari 2005","1"
"14085","Limburg","1"
"15909","december 2004","1"
"12971","Limburg","1"
"12981","december 2004","1"
"15541","Antwerpen","1"
"16010","april 2005","1"
"20741","Antwerpen","1"
"22027","Louckx","1"
"23308","februari 2005","1"
"15609","Antwerpen","1"
"19568","september 2006","1"
"17364","september 2006","1"
"20443","april 2005","1"
"20442","Limburg","1"
"23099","Gent","1"
"23098","oktober 2006","1"
"15678","Brussel","1"
"12787","april 2005","1"
"22026","april 2005","1"
"19265","Gent","1"
"17704","juli 2006","1"
"17705","Brussel","1"
"17719","Brussel","1"
"10214","kinderen","1"
"10213","ouders","1"
"19793","april 2007","1"
"13194","tele-onthaal","1"
"13197","tele-onthaal","1"
"19941","Brussel","1"
"16279","Tanja Molenberghs","1"
"12788","Limburg","1"
"19165","Brussel","1"
"19166","FECM","1"
"20804","Celine Staels","1"
"21823","september 2007","1"
"12823","Brussel","1"
"12824","april 2005","1"
"22640","oktober 2004","1"
"13389","Brussel","1"
"18762","Antwerpen","1"
"18756","Antwerpen","1"
"13379","Vanderfaeillie","1"
"13378","mei 2005","1"
"15040","Antwerpen","1"
"12822","Antwerpen","1"
"18755","Brussel","1"
"13384","Vanderfaeillie","1"
"13376","Vanderfaeillie","1"
"13391","Vanderfaeillie","1"
"13383","mei 2005","1"
"13374","Brussel","1"
"13375","mei 2005","1"
"17363","Brussel","1"
"19480","september 2006","1"
"19479","Brussel","1"
"13390","mei 2005","1"
"17359","Brussel","1"
"17360","september 2006","1"
"13377","Brussel","1"
"22565","Antwerpen","1"
"16583","Antwerpen","1"
"21368","Oktober 2006","1"
"20563","Brussel","1"
"21369","Antwerpen","1"
"16013","augustus 2006","1"
"15199","Oost-Vlaanderen","1"
"14491","optie UA april 2006","1"
"16834","Antwerpen","1"
"15198","april 2005","1"
"16833","april 2006","1"
"22100","mei 2005","1"
"22101","West-Vlaanderen","1"
"23100","december 2006","1"
"15226","april 2005","1"
"18757","april 2005","1"
"22133","februari 2008","1"
"22564","september 2004","1"
"16582","Oktober 2006","1"
"12974","Nele Van Praet","1"
"12975","juni 2004","1"
"20138","Jan Vranken","1"
"20053","Antwerpen","1"
"17378","augustus 2006","1"
"15310","maart 2004","1"
"12972","Van Esbroeck","1"
"13309","Sarah Verhaege","1"
"13310","Thevissen","1"
"14020","Wereldschool","1"
"16294","Ruben Brabers","1"
"16282","Engels","1"
"23248","Oost-Vlaanderen","1"
"21231","GLORIEUX","1"
"23250","Greet Van Dael","1"
"13689","april 2005","1"
"13690","Oost-Vlaanderen","1"
"14162","augustus 2005","1"
"14161","Brussel","1"
"19928","Birgit Wauters","1"
"12503","augustus 2005","1"
"12502","Brussel","1"
"21886","Oktober 2006","1"
"20566","september 2006","1"
"12348","Brussel","1"
"12349","augustus 2005","1"
"12358","Brussel","1"
"12359","augustus 2005","1"
"12355","augustus 2005","1"
"12351","augustus 2005","1"
"12352","Brussel","1"
"12353","augustus 2005","1"
"19939","VERTE","1"
"13308","juli 2004","1"
"19937","augustus 2005","1"
"19814","Antwerpen","1"
"19811","Antwerpen","1"
"20344","Sien Herbots","1"
"16046","VERTE","1"
"16045","oktober 2005","1"
"16044","Brussel","1"
"11651","augustus 2005","1"
"11650","Brussel","1"
"19945","mei 2007","1"
"23284","september 2006","1"
"13654","Van Loon","1"
"13635","Kristoffersen","1"
"13630","maart 2003","1"
"13775","januari 2004","1"
"13718","Liesbeth De Donder","1"
"12806","Brussel","1"
"13858","Ellen Deschuttere","1"
"13865","Van Loon","1"
"14143","Erika Pardon","1"
"10456","Liesbeth De Donder","1"
"10461","Celine De Munter","1"
"21482","Gent","1"
"22543","december 2006","1"
"12785","april 2005","1"
"12786","Limburg","1"
"20189","optie in Antwerpen","1"
"14479","Limburg","1"
"15217","vrijzinnigheid","1"
"14473","Oost-Vlaanderen","1"
"14472","april 2005","1"
"14481","Limburg","1"
"17710","oktober 2005","1"
"14488","Optie op UA - april 06","1"
"22895","Oktober 2006","1"
"15619","maart 2004","1"
"15629","oktober 2004","1"
"15634","oktober 2004","1"
"14008","Antwerpen","1"
"22641","Brussel","1"
"11955","Brussel","1"
"21220","2007","1"
"11957","Brussel","1"
"11954","Brussel","1"
"15302","augustus 2005","1"
"15301","Brussel","1"
"14880","Brussel","1"
"14881","augustus 2005","1"
"17883","Antwerpen","1"
"12370","augustus 2005","1"
"12369","Brussel","1"
"22551","Antwerpen","1"
"22870","Brussel","1"
"22871","augustus 2005","1"
"22872","Ines Gaston Echeverria","1"
"20056","Oktober 2006","1"
"19950","mei 2007","1"
"22550","Oktober 2006","1"
"12371","Brussel","1"
"12372","augustus 2005","1"
"12376","augustus 2005","1"
"12375","Brussel","1"
"23329","Limburg","1"
"12780","september 2005","1"
"23285","Gerlinde De Neys","1"
"14701","Antwerpen","1"
"14662","Oost-Vlaanderen","1"
"17250","Brussel","1"
"16047","Daphne CHUFFART","1"
"20706","Brussel","1"
"20707","Oktober 2007","1"
"12781","Antwerpen","1"
"15237","Antwerpen","1"
"15236","september 2005","1"
"16766","Antwerpen","1"
"16762","Antwerpen","1"
"16768","Antwerpen","1"
"16763","september 2005","1"
"14871","Antwerpen","1"
"14870","september 2005","1"
"14873","Antwerpen","1"
"14872","september 2005","1"
"14874","september 2005","1"
"14875","Antwerpen","1"
"15533","Antwerpen","1"
"20985","Antwerpen","1"
"18671","september 2005","1"
"15543","Antwerpen","1"
"15641","Van den Bulck","1"
"13033","Antwerpen","1"
"15647","Gabriels Ann","1"
"15537","Antwerpen","1"
"23330","Johanna Goossens","1"
"21347","september 2007","1"
"21346","Brussel","1"
"19454","Limburg","1"
"19453","september 2005","1"
"14700","september 2005","1"
"13892","november 2004","1"
"19824","Limburg","1"
"22662","september 2006","1"
"19456","Limburg","1"
"19455","september 2005","1"
"17892","september 2005","1"
"23332","september 2005","1"
"20238","Limburg","1"
"23327","2008","1"
"20240","Wim Van den Broeck","1"
"13544","september 2005","1"
"13546","Brabant","1"
"13547","september 2005","1"
"23101","Gent","1"
"20394","Gent","1"
"20424","september 2005","1"
"20425","Antwerpen","1"
"22177","september 2007","1"
"22176","Antwerpen","1"
"20423","Antwerpen","1"
"20422","september 2005","1"
"20430","september 2005","1"
"20431","Antwerpen","1"
"12917","September 2005","1"
"12926","Limburg","1"
"12927","September 2005","1"
"14487","September 2005","1"
"14486","Limburg","1"
"14490","September 2005","1"
"14489","Limburg","1"
"14387","Antwerpen","1"
"19812","oktober 2005","1"
"14352","Antwerpen","1"
"15910","Limburg","1"
"12608","Antwerpen","1"
"16283","Brussel","1"
"20451","oktober 2004","1"
"14876","oktober 2005","1"
"23307","Brussel","1"
"14877","Vlaams-brabant","1"
"15162","Oost-Vlaanderen","1"
"14882","Oost-Vlaanderen","1"
"14883","september 2005","1"
"20816","Limburg","1"
"20815","september 2005","1"
"22120","november 2005","1"
"20250","augustus 2007","1"
"14957","Limburg","1"
"14956","september 2005","1"
"12998","Limburg","1"
"12997","september 2005","1"
"19849","Limburg","1"
"19848","september 2005","1"
"12724","Limburg","1"
"12723","september 2005","1"
"13548","Brabant","1"
"13549","september 2005","1"
"13551","september 2005","1"
"13550","Brabant","1"
"16397","Brussel","1"
"13518","Brussel","1"
"15948","oktober 2004 & 2005","1"
"13599","oktober 2004 & 2005","1"
"13597","oktober 2004 & 2005","1"
"13598","Vlaams-Brabant","1"
"13600","Vlaams-Brabant","1"
"13601","oktober 2004 & 2005","1"
"13596","Vlaams-Brabant","1"
"13561","september 2005","1"
"13555","september 2005","1"
"14886","Vlaams-brabant","1"
"14887","september 2005","1"
"14884","Vlaams-brabant","1"
"14885","september 2005","1"
"15277","oktober 2005","1"
"15274","Brussel","1"
"15283","oktober 2005","1"
"14381","oktober 2005","1"
"15846","Antwerpen","1"
"19767","Antwerpen","1"
"19766","oktober 2005","1"
"19769","Antwerpen","1"
"19768","oktober 2005","1"
"17432","Antwerpen","1"
"17425","oktober 2005","1"
"17428","Antwerpen","1"
"17427","oktober 2005","1"
"17430","Antwerpen","1"
"17429","oktober 2005","1"
"12139","oktober 2005","1"
"12138","Antwerpen","1"
"20348","Katrien Verhoogen","1"
"14855","oktober 2005","1"
"19815","oktober 2005","1"
"21118","oktober 2004","1"
"19025","januari 2007","1"
"15540","september 2005","1"
"16116","september 2005","1"
"16117","Tim Govaerts","1"
"16118","Van Loon","1"
"13560","Vlaams-brabant","1"
"20246","Brussel","1"
"22410","Brussel","1"
"22409","maart 2007","1"
"21985","februari 2007","1"
"14305","oktober 2005","1"
"23036","Sven De Maeyer","1"
"23037","Projectgroep","1"
"23280","september 2007","1"
"20146","oktober 2005","1"
"20147","Antwerpen","1"
"20148","Dirk Avonts","1"
"20149","Huisartsen in opleiding","1"
"14313","oktober 2005","1"
"14928","oktober 2005","1"
"14929","Antwerpen","1"
"14318","Antwerpen","1"
"23193","Cera Award","1"
"14879","Antwerpen","1"
"14878","oktober 2005","1"
"20701","Oktober 2007","1"
"20700","Brussel","1"
"20082","Brussel","1"
"22391","Hubert Meeus","1"
"22390","September 2005","1"
"16433","September 2005","1"
"16432","Limburg","1"
"20863","september 2007","1"
"20862","marleen baillieul","1"
"13067","Antwerpen","1"
"13066","september 2005","1"
"13069","Antwerpen","1"
"13068","september 2005","1"
"13071","Antwerpen","1"
"13070","september 2005","1"
"13073","Antwerpen","1"
"13072","september 2005","1"
"13076","september 2005","1"
"13077","Antwerpen","1"
"22266","GEERTS","1"
"22265","Katrien Sampers","1"
"18670","Antwerpen","1"
"22267","Waasland - Gent","1"
"22654","Lana Cockmartin","1"
"22653","BAUWENS","1"
"13085","Antwerpen","1"
"13084","september 2005","1"
"13087","Antwerpen","1"
"13086","september 2005","1"
"13089","Antwerpen","1"
"13088","september 2005","1"
"22234","december 2004","1"
"20870","september 2005","1"
"20871","Antwerpen","1"
"16870","Antwerpen","1"
"16869","september 2005","1"
"13097","Antwerpen","1"
"13096","september 2005","1"
"15163","september 2005","1"
"13098","september 2005","1"
"13099","Antwerpen","1"
"13056","september 2005","1"
"13057","augustus 2005","1"
"22411","Brussel","1"
"22412","november 2006","1"
"18517","Antwerpen","1"
"18519","Antwerpen","1"
"18520","cera","1"
"22869","Tom Van Langendijck","1"
"22868","BAUWENS","1"
"21770","Antwerpen","1"
"20526","augustus 2007","1"
"19520","September 2006","1"
"19600","Maart 2007","1"
"20965","Maart 2007","1"
"20964","West-Vlaanderen","1"
"19511","september 2005","1"
"19512","Antwerpen","1"
"13061","Antwerpen","1"
"13060","september 2005","1"
"13063","Antwerpen","1"
"13062","september 2005","1"
"13065","Antwerpen","1"
"13064","september 2005","1"
"17711","Antwerpen","1"
"15530","september 2005","1"
"21342","oktober 2006","1"
"17706","Oktober 2006","1"
"17882","september 2005","1"
"22259","Iris Verellen","1"
"22258","VIVA-SVV","1"
"13291","maart 2004","1"
"13290","Vlaanderen","1"
"21758","Brussel","1"
"17317","juni 2006","1"
"22212","Oktober 2006","1"
"15491","oktober 2005","1"
"22270","NOTTEN","1"
"22271","Mira Peeters","1"
"17298","juni 2006","1"
"16281","Veerle Quartier","1"
"16273","oktober 2004","1"
"16278","oktober 2004","1"
"14353","oktober 2005","1"
"13545","Patricia Holsters","1"
"11786","Brussel","1"
"13933","Brussel","1"
"18850","januari 2007","1"
"11810","Spieren","1"
"11811","Februari 2005","1"
"21852","april 2005","1"
"21851","Brussel","1"
"21138","september 2007","1"
"21117","Brussel","1"
"21768","Brussel","1"
"22121","Limburg","1"
"23216","Karen Maes","1"
"23328","september 2005","1"
"21769","Oktober 2007","1"
"14848","Brussel","1"
"14847","november 2004","1"
"20819","Els Op de Beeck","1"
"14319","oktober 2005","1"
"14304","Antwerpen","1"
"14312","Antwerpen","1"
"22626","Pieter Van Kerckhoven","1"
"20110","Antwerpen","1"
"20513","Augustus 2007","1"
"21107","Brussel","1"
"19361","augustus 2005","1"
"16398","september 2005","1"
"20850","Marjan Vanderhoven","1"
"14600","in overleg met alle partijen, gebeurt","1"
"19929","LOUCKX","1"
"20861","Antwerpen","1"
"23222","tom vanwing","1"
"13515","september 2005","1"
"13517","september 2005","1"
"13543","Brabant","1"
"13516","Brussel","1"
"21893","Gent","1"
"12814","september 2005","1"
"19944","VERTE","1"
"12350","Brussel","1"
"12354","Brussel","1"
"12500","Brussel","1"
"12501","september 2005","1"
"14943","Brussel","1"
"14944","Van Hove","1"
"19932","Brussel","1"
"19943","Liese Taelemans","1"
"19942","augustus 2005","1"
"19940","mei 2007","1"
"14382","Antwerpen","1"
"14307","oktober 2005","1"
"17431","oktober 2005","1"
"20180","2003","1"
"19765","Antwerpen","1"
"20967","april 2007","1"
"19779","KLAI","1"
"14388","oktober 2005","1"
"12916","Limburg","1"
"15212","vrijzinnigheid","1"
"13634","juni 2005","1"
"19927","augustus 2005","1"
"13639","juni 2005","1"
"17249","september 2006","1"
"17670","Vlaams-Brabant","1"
"23221","oktober 2007","1"
"20914","thomas vrij","1"
"14945","Dedoncker","1"
"20081","oktober 2005","1"
"21344","oktober 2006","1"
"20836","februari 2006","1"
"20837","Antwerpen","1"
"20838","Caroline Andries","1"
"19746","Antwerpen","1"
"19748","Antwerpen","1"
"21341","Gent","1"
"22548","Oktober 2006","1"
"20840","februari 2006","1"
"20841","Antwerpen","1"
"19882","Januari 2006","1"
"22661","Caro Coessens","1"
"22660","Januari 2006","1"
"17800","Gent","1"
"17801","Januari 2006","1"
"14663","Agnes Boedt","1"
"20842","Caroline Andries","1"
"19749","januari 2007","1"
"21345","Gent","1"
"20830","Sophie Nys","1"
"14021","Brussel","1"
"15849","Erasmushogeschool","1"
"15848","Lore Lijnen","1"
"14306","Antwerpen","1"
"21638","Lieve  Elst - Van den Bergh","1"
"16871","Tina Vandenbosch","1"
"23312","Antwerpen","1"
"19934","Klai","1"
"17246","Brussel","1"
"18885","april 2006","1"
"18410","Oost-Vlaanderen","1"
"23211","SEGERS","1"
"12557","Antwerpen","1"
"22032","Vlaams-Brabant","1"
"22029","Vlaams-Brabant","1"
"15314","juli 2005","1"
"22030","Geert Michels","1"
"17199","Vlaams-Brabant","1"
"20947","januari 2007","1"
"19037","januari 2007","1"
"22195","Antwerpen","1"
"19473","September 2006","1"
"19474","Antwerpen","1"
"23214","Vlaams-Brabant","1"
"22122","Van Hal","1"
"21759","september 2007","1"
"20817","september 2005","1"
"17573","Gent","1"
"20818","Limburg","1"
"19556","maart 2004","1"
"19555","Brussel","1"
"14074","Limburg","1"
"14075","december 2005","1"
"14079","december 2005","1"
"14078","Limburg","1"
"23102","Liesbeth Weyen","1"
"22541","december 2006","1"
"14124","Vlaams-Brabant","1"
"18445","Antwerpen","1"
"18761","Brussel","1"
"15039","Brussel","1"
"19756","januari 2007","1"
"21571","september 2005","1"
"15241","Antwerpen","1"
"16764","Antwerpen","1"
"18879","Oost-Vlaanderen","1"
"23027","mei 2005","1"
"12890","FECM","1"
"14478","Januari 2005","1"
"14480","Januari 2004","1"
"18521","2007","1"
"12976","Brussel","1"
"15531","Antwerpen","1"
"17516","Gent","1"
"17515","2003","1"
"18880","Januari 2006","1"
"22893","Antwerpen","1"
"13260","Antwerpen","1"
"13279","VIVA-SVV","1"
"13292","VIVA-SVV","1"
"22257","Vlaanderen","1"
"13311","Brussel","1"
"20760","2003","1"
"21082","Antwerpen","1"
"22210","Oktober 2006","1"
"19881","Gent","1"
"13416","februari 2003","1"
"23336","Oktober 2006","1"
"22151","2003","1"
"13779","juni 2005","1"
"17377","Limburg","1"
"18897","oktober 2005","1"
"15273","oktober 2005","1"
"15284","Brussel","1"
"15276","Brussel","1"
"15280","Brussel","1"
"15282","Brussel","1"
"14046","cultuur","1"
"20171","september 2006","1"
"20109","oktober 2005","1"
"20507","Liesbeth Van Schil","1"
"20137","maart 2005","1"
"22627","juni 2007","1"
"21283","januari 2007","1"
"16399","Van Den Bulck","1"
"15949","Vermeire","1"
"20136","Antwerpen","1"
"20076","Antwerpen","1"
"21939","juli 2005","1"
"21940","Gent","1"
"21941","Geert Van Hove","1"
"21942","televisie","1"
"20239","Sofie Van Raemdonck","1"
"20209","Brussel","1"
"19433","Maart 2007","1"
"22035","organisatie weigerde","1"
"14599","Karen Horre","1"
"14598","Brussel","1"
"14601","het onderzoek los van de organisatie","1"
"14602","los van de wetenschapswinkel","1"
"23292","juni 2005","1"
"23261","CARPENTIER","1"
"16038","mei 2006","1"
"15590","mei 2006","1"
"23262","Helena VLOGAERT","1"
"22082","januari 2007","1"
"23260","Antwerpen","1"
"20854","Bieke Vens","1"
"16835","Inge Ceuppens","1"
"14664","Geen datamateriaal!!","1"
"16062","Brussel","1"
"16061","oktober 2005","1"
"16058","Brussel","1"
"16057","oktober 2005","1"
"16059","oktober 2005","1"
"14696","Cera Award","1"
"14695","Vlaams Brabant","1"
"14697","april 2006","1"
"22172","2003","1"
"23293","Kaja Debruyne","1"
"20264","SEGERS","1"
"20263","Peter Vandekerckhove","1"
"20262","april 2005","1"
"23165","april 2006","1"
"18704","Brussel","1"
"18706","promotoren van MICE","1"
"18707","Brussel","1"
"18710","Brussel","1"
"18709","promotoren van MICE","1"
"22034","Maaike Lemaire","1"
"23287","Brussel","1"
"20261","Brussel","1"
"21572","Antwerpen","1"
"15275","oktober 2005","1"
"15279","oktober 2005","1"
"15281","oktober 2005","1"
"22033","September 2006","1"
"23097","Antwerpen","1"
"22269","juni 2006","1"
"19550","Antwerpen","1"
"20349","september 2007","1"
"23270","oktober 2005","1"
"23271","Anke Baetens","1"
"15588","mei 2006","1"
"20198","oktober 2004","1"
"20197","Antwerpen","1"
"16014","Brussel","1"
"20199","Eva Eeckhout","1"
"16018","mei 2006","1"
"19809","oktober 2005","1"
"19810","Sofie De Smet","1"
"20352","Sara Garrebeek","1"
"20351","Antwerpen","1"
"20350","oktober 2005","1"
"19948","Sanne Graulus","1"
"22031","Vanderfaeillie","1"
"18469","december 2006","1"
"15012","Antwerpen","1"
"15589","Brussel","1"
"15587","Brussel","1"
"20204","Brussel","1"
"15591","Brussel","1"
"20214","Brussel","1"
"22028","november 2005","1"
"20510","juni 2005","1"
"20496","Etienne Vermeire","1"
"17248","Brussel","1"
"17247","september 2006","1"
"18651","Brussel","1"
"18652","september 2006","1"
"20824","Limburg","1"
"20946","Antwerpen","1"
"23219","Elke Meert","1"
"17862","september 2005","1"
"23306","ANDRIES","1"
"20265","au","1"
"15105","Doorverwijzing","1"
"22095","Brussel","1"
"18794","april 2006","1"
"17373","Antwerpen","1"
"18793","Brussel","1"
"17374","mei 2006","1"
"23026","Antwerpen","1"
"17369","Antwerpen","1"
"20087","september 2005","1"
"20086","Brussel","1"
"20051","oktober 2006","1"
"17316","Limburg","1"
"17407","Oost-Vlaanderen","1"
"17415","Oost-Vlaanderen","1"
"21813","juni 2006","1"
"17685","juni 2006","1"
"23109","Limburg","1"
"19747","januari 2007","1"
"17411","Oost-Vlaanderen","1"
"17409","Oost-Vlaanderen","1"
"20111","Christiane Timmerman","1"
"22283","modemuseum","1"
"22894","Peter Leys","1"
"19475","Limburg","1"
"22268","Limburg","1"
"17297","Limburg","1"
"19476","juni 2006","1"
"20832","januari 2005","1"
"17818","Gent","1"
"18703","promotoren van MICE","1"
"18824","Brussel","1"
"18823","Oktober 2006","1"
"18822","Brussel","1"
"18821","Oktober 2006","1"
"15663","juli 2006","1"
"18892","september 2006","1"
"18891","Vlaams-Brabant","1"
"23065","oktober 2005","1"
"20541","oktober 2004","1"
"20542","Brussel","1"
"19481","2004","1"
"22184","Kirsten Vermeulen","1"
"22249","Leuven","1"
"22250","september 2007","1"
"16807","oktober 2006","1"
"15759","Brussel","1"
"21141","Brussel","1"
"21142","september 2007","1"
"20614","Brussel","1"
"21139","Brussel","1"
"16761","september 2005","1"
"16765","september 2005","1"
"16767","september 2005","1"
"18657","april 2006","1"
"18658","Antwerpen","1"
"17141","juni 2006","1"
"17140","Oost-Vlaanderen","1"
"17142","Oost-Vlaanderen","1"
"17152","Oost-Vlaanderen","1"
"21817","juni 2006","1"
"21816","Oost-Vlaanderen","1"
"21815","juni 2006","1"
"17151","juni 2006","1"
"17150","Oost-Vlaanderen","1"
"17146","Oost-Vlaanderen","1"
"17137","juni 2006","1"
"17136","Oost-Vlaanderen","1"
"21991","Wetenschapswinkel","1"
"21990","Brussel","1"
"21981","september 2005","1"
"21980","Oost-Vlaanderen","1"
"23268","Nadine Engels","1"
"17709","Antwerpen","1"
"20157","Antwerpen","1"
"20156","Oktober 2006","1"
"15874","juli 2006","1"
"15878","non-actief: zie mail Mieke 25072006","1"
"15879","Gent","1"
"15880","April 2006","1"
"15883","Oost-Vlaanderen","1"
"15884","April 2006","1"
"20212","Gielis","1"
"23259","april 2006","1"
"20260","augustus 2007","1"
"20820","Karen Janssen","1"
"22064","Brussel","1"
"16277","Antwerpen","1"
"15912","augustus 2006","1"
"20230","Ponjaert","1"
"16255","Brussel","1"
"16265","Limburg","1"
"16272","Antwerpen","1"
"16028","augustus 2006","1"
"16009","Brussel","1"
"16048","augustus 2006","1"
"19879","maart 2006","1"
"16811","augustus 2006","1"
"16810","Limburg","1"
"16114","mei 2006","1"
"18711","april 2006","1"
"17817","januari 2007","1"
"18705","april 2006","1"
"22549","Antwerpen","1"
"22130","Gent","1"
"22129","oktober 2006","1"
"23039","Gent","1"
"23040","April 2006","1"
"17393","Vlaams-Brabant","1"
"19519","Vlaams-Brabant","1"
"17387","Vlaams-Brabant","1"
"22213","Antwerpen","1"
"17391","Vlaams-Brabant","1"
"16119","augustus 2006","1"
"20852","West-Vlaanderen","1"
"19482","Vlaams-Brabant","1"
"17200","September 2006","1"
"19483","September 2006","1"
"19604","Maart 2007","1"
"22665","isabelle.heyerick@fevlado.be","1"
"22664","Marieke De Smet","1"
"19565","Brussel","1"
"22079","Antwerpen","1"
"19763","januari 2007","1"
"19762","Antwerpen","1"
"19808","Antwerpen","1"
"19949","Antwerpen","1"
"20346","Antwerpen","1"
"23283","Brussel","1"
"23290","GEERTS","1"
"23289","Veerle De Vylder","1"
"17878","september 2005","1"
"17879","Antwerpen","1"
"23007","Oktober 2007","1"
"21063","Brussel","1"
"21068","VERTE","1"
"21067","augustus 2005","1"
"23212","Dorien Meeus","1"
"20502","Cantillon","1"
"20501","Marleen Jacobs","1"
"20500","Antwerpen","1"
"21235","BRISON","1"
"20258","Stephanie Lotgering","1"
"20259","PONJAERT","1"
"22256","maart 2004","1"
"23269","Antwerpen","1"
"23288","september 2006","1"
"22246","Antwerpen","1"
"22247","januari 2007","1"
"20248","Evy Van de Velde","1"
"20247","maart 2006","1"
"16254","juni 2006","1"
"16264","juni 2006","1"
"16280","augustus 2006","1"
"16284","juni 2006","1"
"18728","Brussel-Antwerpen","1"
"18729","maart 2007","1"
"20215","mei 2006","1"
"16303","Brussel","1"
"16304","september 2006","1"
"16305","Brussel","1"
"16306","september 2006","1"
"23281","Lien De Cang","1"
"17365","September 2006","1"
"20499","September 2006","1"
"17367","September 2006","1"
"22147","Brussel","1"
"22148","Marieke Vanderoel","1"
"21284","Antwerpen","1"
"21083","September 2006","1"
"20123","Brussel","1"
"18747","Brussel","1"
"21081","September 2006","1"
"23220","Brussel","1"
"23291","Brussel","1"
"21137","Brussel","1"
"20257","maart 2006","1"
"20452","Vlaams-Brabant","1"
"19375","Brussel","1"
"23153","Kathleen Leemans","1"
"23152","september 2006","1"
"23305","Timi Goberecht","1"
"20256","Brussel","1"
"21116","oktober 2004","1"
"21115","Brussel","1"
"23326","Griet Malfroid","1"
"23311","Oktober 2006","1"
"20118","Brussel","1"
"20119","oktober 2006","1"
"21757","oktober 2007","1"
"21756","Brussel","1"
"20162","Brussel","1"
"20163","oktober 2006","1"
"20166","Brussel","1"
"20167","oktober 2006","1"
"19534","oktober 2004","1"
"19533","Brussel","1"
"19530","september 2006","1"
"19529","Brussel","1"
"19244","september 2006","1"
"19243","Brussel","1"
"22639","Brussel","1"
"22663","Brussel","1"
"19541","Brussel","1"
"19542","oktober 2004","1"
"19543","Brussel","1"
"19544","oktober 2004","1"
"19547","Brussel","1"
"19548","oktober 2004","1"
"19545","Brussel","1"
"19546","augustus 2005","1"
"19006","Brussel","1"
"19007","oktober 2004","1"
"20495","Brussel","1"
"20494","mei 2005","1"
"20504","Antwerpen","1"
"20509","Antwerpen","1"
"17088","oktober 2006","1"
"17087","Brussel","1"
"22633","Brussel","1"
"22209","Antwerpen","1"
"22208","Oktober 2006","1"
"22211","Antwerpen","1"
"21087","Brussel","1"
"20715","Oktober 2007","1"
"20525","Wietske Van Gils","1"
"20524","Dimitri Mortelmans","1"
"20523","april 2005","1"
"21088","oktober 2004","1"
"21076","Antwerpen","1"
"20920","September 2006","1"
"20922","September 2006","1"
"21814","Oost-Vlaanderen","1"
"17143","juni 2006","1"
"17147","juni 2006","1"
"17153","juni 2006","1"
"22958","Antwerpen","1"
"22957","september 2005","1"
"17914","september 2005","1"
"17915","Antwerpen","1"
"17918","september 2005","1"
"17919","Antwerpen","1"
"18447","Antwerpen","1"
"18446","februari 2004","1"
"18444","februari 2004","1"
"22579","Antwerpen","1"
"22576","Antwerpen","1"
"22577","april 2008","1"
"20388","Antwerpen","1"
"20387","oktober 2005","1"
"20389","oktober 2005","1"
"17956","oktober 2005","1"
"17957","Antwerpen","1"
"17962","oktober 2005","1"
"17963","Antwerpen","1"
"17966","oktober 2005","1"
"17967","Antwerpen","1"
"22935","Oost-Vlaanderen","1"
"22936","juni 2006","1"
"21810","Oost-Vlaanderen","1"
"17982","Oost-Vlaanderen","1"
"17983","juni 2006","1"
"17988","Oost-Vlaanderen","1"
"17989","juni 2006","1"
"17994","Oost-Vlaanderen","1"
"17995","september 2005","1"
"18402","juni 2006","1"
"18401","Oost-Vlaanderen","1"
"18006","Oost-Vlaanderen","1"
"18007","juni 2006","1"
"18010","Oost-Vlaanderen","1"
"18011","juni 2006","1"
"18021","juni 2006","1"
"18020","Limburg","1"
"18027","mei 2006","1"
"18026","Oost-Vlaanderen","1"
"19400","september 2006","1"
"19399","Brussel","1"
"19251","Brussel","1"
"19252","september 2006","1"
"19405","Brussel","1"
"19406","oktober 2004","1"
"19411","Brussel","1"
"19412","oktober 2004","1"
"19417","Brussel","1"
"19418","oktober 2004","1"
"19031","oktober 2004","1"
"19030","Brussel","1"
"19425","Brussel","1"
"19426","augustus 2005","1"
"19398","september 2006","1"
"19397","Brussel","1"
"19404","oktober 2004","1"
"19403","Brussel","1"
"19410","oktober 2004","1"
"19409","Brussel","1"
"19029","oktober 2004","1"
"19028","Brussel","1"
"19416","oktober 2004","1"
"19415","Brussel","1"
"19250","september 2006","1"
"19249","Brussel","1"
"19424","augustus 2005","1"
"19423","Brussel","1"
"19402","september 2006","1"
"19401","Brussel","1"
"19408","oktober 2004","1"
"19407","Brussel","1"
"19414","oktober 2004","1"
"19413","Brussel","1"
"19033","oktober 2004","1"
"19032","Brussel","1"
"19420","oktober 2004","1"
"19419","Brussel","1"
"19477","Brussel","1"
"19478","september 2006","1"
"19428","augustus 2005","1"
"19427","Brussel","1"
"19422","augustus 2005","1"
"19421","Brussel","1"
"18144","januari 2007","1"
"18143","Antwerpen","1"
"18150","januari 2007","1"
"18149","Antwerpen","1"
"21070","januari 2007","1"
"21069","Antwerpen","1"
"21072","januari 2007","1"
"18148","januari 2007","1"
"18147","Antwerpen","1"
"21071","Antwerpen","1"
"18155","Antwerpen","1"
"18156","september 2005","1"
"18157","Antwerpen","1"
"18158","september 2005","1"
"21488","september 2005","1"
"21487","Antwerpen","1"
"18161","Antwerpen","1"
"18162","september 2005","1"
"18163","Antwerpen","1"
"18164","september 2005","1"
"18165","Antwerpen","1"
"18166","september 2005","1"
"18171","september 2005","1"
"18172","Antwerpen","1"
"18515","Antwerpen","1"
"18514","september 2005","1"
"21492","Antwerpen","1"
"21491","september 2005","1"
"18668","Antwerpen","1"
"18667","september 2005","1"
"18195","september 2005","1"
"18196","Antwerpen","1"
"18201","september 2005","1"
"18202","Antwerpen","1"
"19503","september 2005","1"
"18219","september 2005","1"
"18220","Antwerpen","1"
"19504","Antwerpen","1"
"19496","Antwerpen","1"
"19495","september 2005","1"
"18238","Antwerpen","1"
"18243","september 2005","1"
"18244","Antwerpen","1"
"18237","september 2005","1"
"18248","september 2005","1"
"18247","Antwerpen","1"
"18252","september 2005","1"
"18251","Antwerpen","1"
"21490","september 2005","1"
"21489","Antwerpen","1"
"18265","september 2005","1"
"18262","september 2005","1"
"18261","Antwerpen","1"
"18266","Antwerpen","1"
"18269","september 2005","1"
"18270","Antwerpen","1"
"18669","september 2005","1"
"21494","Antwerpen","1"
"18516","september 2005","1"
"18285","september 2005","1"
"18286","Antwerpen","1"
"18289","september 2005","1"
"18290","Antwerpen","1"
"18518","september 2005","1"
"18297","september 2005","1"
"18298","Antwerpen","1"
"19501","september 2005","1"
"18305","september 2005","1"
"18306","Antwerpen","1"
"22967","Antwerpen","1"
"23149","september 2006","1"
"18313","september 2005","1"
"18314","Antwerpen","1"
"18318","september 2005","1"
"18317","Antwerpen","1"
"18321","september 2005","1"
"18322","Antwerpen","1"
"22651","september 2005","1"
"18689","Antwerpen","1"
"22196","januari 2007","1"
"19205","Antwerpen","1"
"19204","januari 2007","1"
"19208","Antwerpen","1"
"19206","Antwerpen","1"
"19036","Antwerpen","1"
"22965","Karolien Andries","1"
"19211","januari 2007","1"
"19210","Antwerpen","1"
"19202","januari 2007","1"
"19035","januari 2007","1"
"19034","Antwerpen","1"
"18434","januari 2007","1"
"18433","Antwerpen","1"
"22952","Antwerpen","1"
"18692","januari 2007","1"
"18691","Antwerpen","1"
"21230","Brussel","1"
"21229","oktober 2004","1"
"18411","Januari 2006","1"
"18714","Brussel","1"
"20694","Brussel","1"
"18715","april 2006","1"
"20695","februari 2003","1"
"22169","februari 2003","1"
"22168","Brussel","1"
"22964","januari 2007","1"
"18849","Antwerpen","1"
"23279","Brussel","1"
"18523","2007","1"
"18524","cera","1"
"18525","2007","1"
"21311","Antwerpen","1"
"21310","september 2006","1"
"20013","Antwerpen","1"
"20014","Swinnen","1"
"19484","Sofie van den eede","1"
"23282","SEGERS","1"
"23176","september 2006","1"
"23175","Brussel","1"
"21586","januari 2007","1"
"19216","Antwerpen","1"
"19024","Antwerpen","1"
"19213","Antwerpen","1"
"19212","januari 2007","1"
"18999","Antwerpen","1"
"22954","januari 2007","1"
"18587","Brussel","1"
"18588","januari 2007","1"
"20044","Brussel","1"
"20045","januari 2007","1"
"22996","Antwerpen","1"
"20990","Antwerpen","1"
"22998","Antwerpen","1"
"20993","januari 2007","1"
"23000","Antwerpen","1"
"20107","Antwerpen","1"
"20108","september 2005","1"
"20105","Antwerpen","1"
"20106","september 2005","1"
"23190","september 2005","1"
"23189","Antwerpen","1"
"22395","september 2005","1"
"22394","Antwerpen","1"
"21236","Evy KENZELER","1"
"22652","Antwerpen","1"
"22264","januari 2007","1"
"23236","Liese Loverix","1"
"22882","Maarten Bornauw","1"
"18696","promotoren van MICE","1"
"18698","april 2006","1"
"18708","april 2006","1"
"20802","stage","1"
"20803","maart 207","1"
"20991","januari 2007","1"
"18746","Oktober 2006","1"
"18766","maart 2007","1"
"18767","Brussel","1"
"18770","maart 2007","1"
"18771","Brussel","1"
"22065","maart 2007","1"
"22063","maart 2007","1"
"18925","Brussel-Antwerpen","1"
"18926","maart 2007","1"
"20011","Heusden-Zolder","1"
"20010","maart 2007","1"
"19197","Brussel","1"
"19198","augustus 2005","1"
"20531","Brussel","1"
"20530","Februari  2007","1"
"20488","maart 2007","1"
"20122","Oktober 2006","1"
"20489","Vlaams-Brabant","1"
"20100","februari 2007","1"
"20099","West-Vlaanderen","1"
"22036","medewerking - sept 07","1"
"19000","januari 2007","1"
"19164","maart 2004","1"
"19167","2004","1"
"19168","Brussel","1"
"19169","maart 2004","1"
"19170","Brussel","1"
"19171","maart 2004","1"
"19196","oktober 2006","1"
"19195","Brussel","1"
"19264","2004","1"
"19091","Brussel","1"
"19090","oktober 2004","1"
"19092","FECM","1"
"19176","Brussel","1"
"19175","maart 2004","1"
"19103","Brussel","1"
"19102","oktober 2004","1"
"19104","FECM","1"
"19105","oktober 2004","1"
"19106","Brussel","1"
"19107","FECM","1"
"19203","Antwerpen","1"
"19172","oktober 2004","1"
"19173","Brussel","1"
"19174","FECM","1"
"19178","Brussel","1"
"19177","Februari  2007","1"
"22167","januari 2007","1"
"22166","Brussel","1"
"21885","Brussel","1"
"21884","Oktober 2006","1"
"19552","maart 2004","1"
"19551","Brussel","1"
"19553","maart 2004","1"
"22951","Oktober 2006","1"
"19554","Brussel","1"
"22953","Antwerpen","1"
"19217","januari 2007","1"
"19209","januari 2007","1"
"19207","januari 2007","1"
"22066","Brussel","1"
"19823","september 2005","1"
"21629","Kristel Verhasselt","1"
"21628","april 2007","1"
"21627","Antwerpen","1"
"23304","september 2006","1"
"20006","Els Claessens","1"
"19792","Brussel","1"
"19789","april 2007","1"
"19788","Brussel","1"
"20437","april 2007","1"
"21822","Antwerpen","1"
"23203","Antwerpen","1"
"19317","april 2007","1"
"19316","Brussel","1"
"22963","Antwerpen","1"
"23331","VAN DEN BROECK","1"
"20657","Limburg","1"
"22969","Vlaams-Brabant","1"
"22968","Juni 2005","1"
"19434","Antwerpen","1"
"19439","september 2006","1"
"19440","Antwerpen","1"
"22237","Sarah Verhees","1"
"22236","Antwerpen","1"
"22235","Stouthuysen","1"
"19502","Antwerpen","1"
"22966","september 2005","1"
"23148","Brussel","1"
"19603","West-Vlaanderen","1"
"19607","West-Vlaanderen","1"
"19608","Maart 2007","1"
"20127","Maart 2007","1"
"20126","West-Vlaanderen","1"
"20128","Maart 2007","1"
"19623","Maart 2007","1"
"19624","Limburg","1"
"19627","Maart 2007","1"
"19628","Limburg","1"
"20847","augustus 2006","1"
"20846","december 2004","1"
"20844","Julie Debrauwere","1"
"20845","Limburg","1"
"21588","januari 2007","1"
"22852","Antwerpen","1"
"22853","januari 2007","1"
"21587","Antwerpen","1"
"22976","Antwerpen","1"
"23316","Kobe Huysmans","1"
"20186","optie Apen","1"
"23297","Julie Denis","1"
"23296","januari 2007","1"
"23295","Antwerpen","1"
"19778","Els Beelen","1"
"19777","oktober 2004","1"
"19776","Sensoa","1"
"23140","KLAI","1"
"23141","Zohra Lkasbi","1"
"23245","januari 2007","1"
"23246","KLAI","1"
"23247","Saline Thijs","1"
"23264","januari 2007","1"
"23265","stefanie vranken","1"
"23242","oktober 2005","1"
"23241","Antwerpen","1"
"23274","Lisa Bonduelle","1"
"23272","Antwerpen","1"
"23273","oktober 2005","1"
"22370","mei 2007","1"
"22645","KLAI","1"
"23258","DE METSENAERE","1"
"19931","oktober 2003","1"
"19947","oktober 2004","1"
"19946","Sensoa","1"
"19926","Brussel","1"
"22369","Antwerpen","1"
"19757","Antwerpen","1"
"20966","Brussel","1"
"20843","Pauwels","1"
"20231","augustus 2007","1"
"19936","Brussel","1"
"20007","vraag teruggetrokken juli 2007","1"
"21749","maart 2007","1"
"23255","2004","1"
"23256","Brussel","1"
"23257","An Verlaak","1"
"20436","Brussel","1"
"22021","leuven","1"
"22022","april 2007","1"
"19880","Brussel","1"
"20161","Gent","1"
"20160","december 2006","1"
"22119","Gent","1"
"22118","december 2006","1"
"19913","Vanderfaeillie","1"
"19912","mei 2005","1"
"19911","Brussel","1"
"19919","Vanderfaeillie","1"
"19918","mei 2005","1"
"19917","Brussel","1"
"23150","Annelien Tack","1"
"20390","Antwerpen","1"
"19930","mei 2007","1"
"19935","mei 2007","1"
"23238","Brussel","1"
"23239","Sam Mertens","1"
"23006","Antwerpen","1"
"23002","Antwerpen","1"
"22932","Antwerpen","1"
"21936","stage","1"
"23277","VAN WING","1"
"23276","juli 2007","1"
"22365","april 2007","1"
"22364","Gent","1"
"23031","mei 2007","1"
"21761","Mei 2007","1"
"21760","Brussel","1"
"22999","januari 2007","1"
"23001","januari 2007","1"
"20992","Antwerpen","1"
"20522","Antwerpen","1"
"20079","Kim Herrijgers","1"
"20080","juni 2007","1"
"20084","Lize Van Dijck","1"
"20085","juni 2007","1"
"20089","Anouk Dergent","1"
"20090","juni 2007","1"
"20319","Januari 2007","1"
"20112","Imke Pichal","1"
"20113","juni 2007","1"
"20129","Limburg","1"
"21585","Antwerpen","1"
"20139","Frederik Ruts","1"
"20140","juni 2007","1"
"22624","maart 2005","1"
"22623","Antwerpen","1"
"20150","juni 2007","1"
"20656","september 2005","1"
"23194","Steve Vanlanduit","1"
"20195","Cera Award","1"
"20196","Cera Award","1"
"20200","samenwerking student stopgezet","1"
"20207","SEGERS","1"
"20208","augustus 2007","1"
"20213","augustus 2007","1"
"20216","Segers","1"
"20217","Sofie Teughels","1"
"20218","augustus 2007","1"
"20237","september 2005","1"
"20228","Brussel","1"
"20236","augustus 2007","1"
"20241","augustus 2007","1"
"23218","KLAI","1"
"23132","2008","1"
"23131","Brussel","1"
"20345","september 2007","1"
"20353","september 2007","1"
"20357","september 2007","1"
"20860","september 2005","1"
"20856","Van Loon","1"
"20855","Brussel","1"
"20839","september 2007","1"
"23041","West-Vlaanderen","1"
"23030","Brussel","1"
"22975","februari 2004","1"
"23138","september 2007","1"
"23137","Antwerpen","1"
"23073","Brussel","1"
"23074","2008","1"
"23278","Thibalt Bonte","1"
"21075","September 2006","1"
"20921","Antwerpen","1"
"20923","Antwerpen","1"
"21614","Antwerpen","1"
"22892","Oktober 2006","1"
"20952","april 2005","1"
"20953","Oost-Vlaanderen","1"
"22174","Antwerpen","1"
"22175","september 2007","1"
"21340","oktober 2006","1"
"20973","april 2007","1"
"20972","Brussel","1"
"23158","Antwerpen","1"
"21020","september 2005","1"
"21018","september 2005","1"
"21019","Antwerpen","1"
"22632","Februari  2007","1"
"22117","april 2008","1"
"22635","VERTE","1"
"23003","Oktober 2007","1"
"23343","Oktober 2007","1"
"21755","Oktober 2007","1"
"21754","Antwerpen","1"
"21205","Brussel","1"
"21206","oktober 2004","1"
"21207","Brussel","1"
"21208","oktober 2004","1"
"22956","Gent","1"
"22955","2007","1"
"23209","Brussel","1"
"23139","Antwerpen","1"
"23244","Antwerpen","1"
"23217","Antwerpen","1"
"23298","KLAI","1"
"21748","Brussel-Antwerpen","1"
"22186","Brussel","1"
"22572","Brussel","1"
"21385","december 2007","1"
"21386","Antwerpen","1"
"21389","december 2007","1"
"21390","Antwerpen","1"
"21393","december 2007","1"
"21394","Antwerpen","1"
"21397","december 2007","1"
"21398","Antwerpen","1"
"22182","december 2007","1"
"22185","december 2007","1"
"21405","december 2007","1"
"21406","Vlaams-Brabant","1"
"21407","Brussel","1"
"21408","december 2007","1"
"21412","december 2007","1"
"21411","Brussel","1"
"23275","Antwerpen","1"
"21467","Brussel","1"
"21468","december 2007","1"
"22194","Brussel","1"
"22193","december 2007","1"
"21478","Vlaams-Brabant","1"
"21477","december 2007","1"
"22400","Brussel","1"
"22189","Brussel","1"
"22188","december 2007","1"
"23043","december 2007","1"
"22242","2008","1"
"23044","Vlaams-Brabant","1"
"21513","december 2007","1"
"21514","Antwerpen","1"
"22854","Leslie Hodge","1"
"23300","januari 2007","1"
"23301","Isabelle Duquenne","1"
"23243","Sara Telen","1"
"23299","Antwerpen","1"
"21537","oost-vlaanderen","1"
"21538","Christel Geerts","1"
"21539","holebi","1"
"21544","Christel Geerts","1"
"21543","oost-vlaanderen","1"
"21545","holebi","1"
"21550","Christel Geerts","1"
"21549","oost-vlaanderen","1"
"21551","holebi","1"
"21556","Christel Geerts","1"
"21555","oost-vlaanderen","1"
"21557","holebi","1"
"23302","Ilse Van de Velde","1"
"22216","Oktober 2006","1"
"22146","Vlaams-Brabant","1"
"22399","November 2007","1"
"22150","December 2007","1"
"22149","Brussel","1"
"23263","Antwerpen","1"
"21639","november 2007","1"
"21640","Antwerpen","1"
"21643","november 2007","1"
"21644","Antwerpen","1"
"21647","november 2007","1"
"21648","Antwerpen","1"
"21882","september 2007","1"
"21881","Hasselt","1"
"21665","januari 2008","1"
"21664","Antwerpen","1"
"23114","November 2007","1"
"21750","Limburg","1"
"21751","November 2007","1"
"21679","december 2007","1"
"21678","Oost-vlaanderen","1"
"21687","december 2007","1"
"21686","0ost-vlaanderen","1"
"21690","Oost-vlaanderen","1"
"21691","december 2007","1"
"23113","Limburg","1"
"21775","Antwerpen","1"
"21700","Oost-vlaanderen","1"
"21701","december 2007","1"
"21704","Oost-vlaanderen","1"
"21705","december 2007","1"
"21708","Oost-vlaanderen","1"
"21709","december 2007","1"
"21787","Antwerpen","1"
"21786","Mei 2007","1"
"21774","Mei 2007","1"
"21782","Mei 2007","1"
"21792","Mei 2007","1"
"21780","Mei 2007","1"
"21778","Mei 2007","1"
"21788","Mei 2007","1"
"21784","Mei 2007","1"
"21790","Mei 2007","1"
"21794","Mei 2007","1"
"21752","November 2007","1"
"21753","Limburg","1"
"21779","Antwerpen","1"
"21781","Antwerpen","1"
"21783","Antwerpen","1"
"21785","Antwerpen","1"
"21789","Antwerpen","1"
"21791","Antwerpen","1"
"21793","Antwerpen","1"
"21795","Antwerpen","1"
"22889","Antwerpen","1"
"22071","Cera Award","1"
"22070","Antwerpen","1"
"22848","KLAI","1"
"22847","Suzanne Derre","1"
"22846","Antwerpen","1"
"21805","Antwerpen","1"
"21806","KLAI","1"
"21807","Sabrina Rodriguez","1"
"21811","juni 2006","1"
"23111","Limburg","1"
"22024","Leys","1"
"22646","Isabelle Desegher","1"
"21929","april 2007","1"
"21928","Brussel","1"
"21930","Brussel","1"
"21931","april 2007","1"
"21883","in antwerpen opgepikt maart 08","1"
"21901","april 2007","1"
"21900","Brussel","1"
"21905","april 2007","1"
"21904","Brussel","1"
"21919","april 2007","1"
"21918","Brussel","1"
"21923","april 2007","1"
"21922","Brussel","1"
"21927","april 2007","1"
"21926","Brussel","1"
"22887","Karen Nijs","1"
"22888","Erika Frans","1"
"21953","Wetenschapswinkel","1"
"21952","Brussel","1"
"21959","Wetenschapswinkel","1"
"21958","Brussel","1"
"21963","Wetenschapswinkel","1"
"21962","Brussel","1"
"21967","Wetenschapswinkel","1"
"21966","Brussel","1"
"21971","Wetenschapswinkel","1"
"21970","Brussel","1"
"21975","Wetenschapswinkel","1"
"21974","Brussel","1"
"21997","Wetenschapswinkel","1"
"21996","Brussel","1"
"23208","Mara Le Sage","1"
"22642","Antwerpen","1"
"23129","2008","1"
"22049","Oktober 2006","1"
"22050","Antwerpen","1"
"22053","Oktober 2006","1"
"22054","Antwerpen","1"
"22285","juli 2008","1"
"22290","limburg","1"
"22289","modemuseum","1"
"22291","juli 2008","1"
"22296","limburg","1"
"22295","modemuseum","1"
"22297","juli 2008","1"
"22306","juli 2008","1"
"22303","Brussel","1"
"22302","juli 2008","1"
"22307","Brussel","1"
"22915","Brussel","1"
"22315","Brussel","1"
"22314","juli 2008","1"
"22319","Brussel","1"
"22318","juli 2008","1"
"22323","Brussel","1"
"22322","juli 2008","1"
"22327","Brussel","1"
"22326","juli 2008","1"
"22331","Brussel","1"
"22330","juli 2008","1"
"22335","Brussel","1"
"22334","juli 2008","1"
"22339","Brussel","1"
"22338","juli 2008","1"
"22343","Brussel","1"
"22342","juli 2008","1"
"22347","Brussel","1"
"22346","juli 2008","1"
"22351","Brussel","1"
"22350","juli 2008","1"
"22355","Brussel","1"
"22354","juli 2008","1"
"22359","Brussel","1"
"22358","juli 2008","1"
"22885","april 2007","1"
"22884","Gent","1"
"22366","Hilde Maelstaf","1"
"22367","juni 2008","1"
"22368","Studenten leeronderzoek PW","1"
"22371","Herman Meulemans","1"
"22372","Vincent Kattouw","1"
"22373","juni 2008","1"
"23035","Antwerpen","1"
"23034","oktober 2005","1"
"22387","Sanne Vandenbosch","1"
"22386","Therese Jacobs","1"
"22385","November 2007","1"
"22384","Antwerpen","1"
"22388","juni 2008","1"
"22392","Celestine Jansen","1"
"22393","juni 2008","1"
"22396","Edwin Segers","1"
"22397","Vanessa Joosen en Helma van Lierop-Debrauwer","1"
"22398","juni 2008","1"
"22401","Bea Cantillon","1"
"22402","Anima Van Hoof","1"
"22403","juni 2008","1"
"22406","Christiane Timmerman","1"
"22407","Yannick Van Beek","1"
"22408","juni 2008","1"
"23135","Brussel","1"
"23133","Brussel","1"
"23011","Brussel","1"
"23010","juli 2008","1"
"23013","Brussel","1"
"23012","juli 2008","1"
"22908","juli 2008","1"
"23015","Brussel","1"
"23014","juli 2008","1"
"23017","Brussel","1"
"23016","juli 2008","1"
"23183","juli 2008","1"
"23019","Brussel","1"
"23018","juli 2008","1"
"23021","Brussel","1"
"23020","juli 2008","1"
"23023","Brussel","1"
"23022","juli 2008","1"
"23025","Brussel","1"
"23024","juli 2008","1"
"22486","Brussel","1"
"22485","juli 2008","1"
"22490","Brussel","1"
"22489","juli 2008","1"
"22494","Brussel","1"
"22493","juli 2008","1"
"22498","Brussel","1"
"22497","juli 2008","1"
"22502","Brussel","1"
"22501","juli 2008","1"
"22909","Brussel","1"
"22510","Brussel","1"
"22509","juli 2008","1"
"22514","Brussel","1"
"22513","juli 2008","1"
"22518","Brussel","1"
"22517","juli 2008","1"
"22522","Brussel","1"
"22521","juli 2008","1"
"22608","juli 2008","1"
"22607","Limburg","1"
"22609","Limburg","1"
"23178","april 2008","1"
"22554","augustus 2008","1"
"22555","Hilde Van den Bulck","1"
"22556","Pieter Van Kerckhoven","1"
"22559","augustus 2008","1"
"22560","Annick Schramme","1"
"22561","Birgit Soetewey","1"
"22570","september 2004","1"
"22571","Antwerpen","1"
"23177","Antwerpen","1"
"22578","optie antwerpen","1"
"22583","Vlaams-Brabant","1"
"22584","juni 2008","1"
"23339","augustus 2008","1"
"22589","Vlaams-Brabant","1"
"22590","augustus 2008","1"
"22593","Vlaams-Brabant","1"
"22594","augustus 2008","1"
"22597","Vlaams-Brabant","1"
"22598","augustus 2008","1"
"22603","Vlaams-Brabant","1"
"22604","augustus 2008","1"
"22610","juli 2008","1"
"22611","Vlaams-Brabant","1"
"22612","Augustus 2008","1"
"23121","juni 2008","1"
"22617","Antwerpen","1"
"22618","augustus 2008","1"
"22670","Vlaams-Brabant","1"
"22671","juni 2008","1"
"22919","juni 2008","1"
"22918","Vlaams-Brabant","1"
"22920","Vlaams-Brabant","1"
"22682","Brussel","1"
"22683","augustus 2005","1"
"22684","Brussel","1"
"22685","augustus 2005","1"
"22686","VERTE","1"
"22687","december 2007","1"
"22688","Vlaams-Brabant","1"
"22689","december 2007","1"
"22690","Vlaams-Brabant","1"
"22691","Antwerpen","1"
"22692","april 2008","1"
"22693","optie antwerpen","1"
"22694","september 2006","1"
"22695","Antwerpen","1"
"22696","engagement","1"
"22697","jeugdbeweging","1"
"22698","Februari 2005","1"
"22699","Brussel","1"
"22700","april 2007","1"
"22701","Brussel","1"
"22702","april 2007","1"
"22703","december 2006","1"
"22704","Gent","1"
"22705","januari 2007","1"
"22706","Gent","1"
"22707","november 2007","1"
"22708","Antwerpen","1"
"22709","Brussel","1"
"22710","Antwerpen","1"
"22711","april 2005","1"
"22712","Antwerpen","1"
"22713","Brussel","1"
"22714","april 2005","1"
"22719","juli 2008","1"
"22720","Brussel","1"
"22721","september 2006","1"
"22722","Brussel","1"
"22728","januari 2008","1"
"22727","Antwerpen","1"
"22734","augustus 2006","1"
"22733","Limburg","1"
"22739","december 2004","1"
"22740","Limburg","1"
"22741","Instituut Pacheco","1"
"22742","kunst","1"
"22743","geriatrie","1"
"22744","effecten","1"
"22745","marketing","1"
"22746","communicatie","1"
"22747","pleegouders","1"
"22748","internationaal","1"
"22749","maart 2007","1"
"22750","Heusden-Zolder","1"
"22755","oktober 2005","1"
"22756","Brussel","1"
"22757","Limburg","1"
"22758","juni 2006","1"
"22764","September 2005","1"
"22763","Limburg","1"
"22765","Januari 2005","1"
"22770","maart 2007","1"
"22771","Brussel","1"
"22772","Vlaams-Brabant","1"
"22773","September 2006","1"
"22774","Vlaams-Brabant","1"
"22775","september 2006","1"
"23108","November 2007","1"
"23107","Limburg","1"
"22785","Antwerpen","1"
"22784","Mei 2007","1"
"22790","december 2007","1"
"22791","Antwerpen","1"
"22792","Spieren","1"
"22793","Korfbal","1"
"22794","Oefeningen","1"
"22795","Sport","1"
"22796","Brussel","1"
"22801","oktober 2005","1"
"22802","Antwerpen","1"
"22803","Sensoa","1"
"22804","oktober 2004","1"
"22805","Antwerpen","1"
"22806","januari 2007","1"
"22807","oktober 2005","1"
"22808","Antwerpen","1"
"22809","Brussel","1"
"22810","oktober 2003","1"
"22811","De Hert","1"
"22812","2003","1"
"22813","Limburg","1"
"22818","Vlaams-Brabant","1"
"22819","augustus 2008","1"
"22824","Vlaams-Brabant","1"
"22825","augustus 2008","1"
"23186","augustus 2008","1"
"23185","Vlaams-Brabant","1"
"22832","Antwerpen","1"
"22833","september 2004","1"
"22839","Wetenschapswinkel","1"
"22838","Brussel","1"
"22845","Wetenschapswinkel","1"
"22844","Brussel","1"
"22886","Antwerpen","1"
"23207","Brussel","1"
"22883","CARPENTIER","1"
"23170","mei 2008","1"
"23169","Vlaams-Brabant","1"
"23184","Brussel","1"
"22914","juli 2008","1"
"23120","Vlaams-Brabant","1"
"22921","juni 2008","1"
"23168","Antwerpen","1"
"23167","september 2008","1"
"22946","januari 2007","1"
"22945","Antwerpen","1"
"22947","Sensoa","1"
"22948","oktober 2004","1"
"22977","niet-actief o vraag van sensoa","1"
"22983","Raoul Van de Calseyde (= tweede  contactpersoon)","1"
"22982","September 2008","1"
"22987","Raoul Van de Calseyde (= tweede  contactpersoon)","1"
"22986","September 2008","1"
"22993","Raoul Van de Calseyde (= tweede  contactpersoon)","1"
"22992","September 2008","1"
"22994","September 2008","1"
"22995","Raoul Van de Calseyde (= tweede  contactpersoon)","1"
"23134","2008","1"
"23038","juni 2008","1"
"23042","Maart 2007","1"
"23051","September 2008","1"
"23056","Raoul Van de Calseyde (= tweede  contactpersoon)","1"
"23055","September 2008","1"
"23322","Oktober 2008","1"
"23124","oktober 2008","1"
"23122","Oktober 2008","1"
"23130","Karlien Danau","1"
"23110","in optie leuven","1"
"23112","in optie in leuven","1"
"23123","Antwerpen","1"
"23125","Antwerpen","1"
"23180","oktober 2008","1"
"23179","Antwerpen","1"
"23136","2008","1"
"23342","Antwerpen","1"
"23195","Brussel","1"
"23196","september 2006","1"
"23197","Kathleen Leemans","1"
"23198","ANDRIES","1"
"23202","september 2007","1"
"23201","Antwerpen","1"
"23224","januari 2007","1"
"23225","Katrien Sampers","1"
"23226","GEERTS","1"
"23227","Waasland - Gent","1"
"23228","RWWaasland","1"
"23230","RWWaasland","1"
"23232","RWWaasland","1"
"23240","SEGERS","1"
"23286","ELIAS","1"
"23294","ELIAS","1"
"23321","november 2008","1"
"23323","Antwerpen","1"
